{
  "1": {
    "1": {},
    "2": {
      "('10.0.0.1', '10.0.0.6', 58600, 58600)": {
        "lastPacketInCount": 62,
        "packetInCount": 62,
        "packetInRateWind": [
          3.910031057044188,
          0.0,
          0.0
        ],
        "packetInRate": 1.303343685681396
      },
      "('10.0.0.7', '10.0.0.2', 38330, 38330)": {
        "lastPacketInCount": 47,
        "packetInCount": 47,
        "packetInRateWind": [
          3.9098378802645333,
          0.0,
          0.0
        ],
        "packetInRate": 1.3032792934215112
      },
      "('10.0.0.2', '10.0.0.3', 14743, 14743)": {
        "lastPacketInCount": 42,
        "packetInCount": 42,
        "packetInRateWind": [
          3.909635611831337,
          0.0,
          0.0
        ],
        "packetInRate": 1.3032118706104456
      },
      "('10.0.0.5', '10.0.0.2', 1717, 1717)": {
        "lastPacketInCount": 94,
        "packetInCount": 94,
        "packetInRateWind": [
          13.683475923292708,
          0.0,
          0.0
        ],
        "packetInRate": 4.5611586410975695
      },
      "('10.0.0.2', '10.0.0.1', 59956, 59956)": {
        "lastPacketInCount": 36,
        "packetInCount": 36,
        "packetInRateWind": [
          1.9547248809959892,
          0.0,
          0.0
        ],
        "packetInRate": 0.6515749603319964
      },
      "('10.0.0.2', '10.0.0.1', 34862, 34862)": {
        "lastPacketInCount": 45,
        "packetInCount": 45,
        "packetInRateWind": [
          1.9546966408591466,
          0.0,
          0.0
        ],
        "packetInRate": 0.6515655469530489
      },
      "('10.0.0.2', '10.0.0.9', 10360, 10360)": {
        "lastPacketInCount": 77,
        "packetInCount": 77,
        "packetInRateWind": [
          7.818735550065687,
          0.0,
          0.0
        ],
        "packetInRate": 2.606245183355229
      },
      "('10.0.0.2', '10.0.0.4', 40630, 40630)": {
        "lastPacketInCount": 46,
        "packetInCount": 46,
        "packetInRateWind": [
          5.863945083674697,
          0.0,
          0.0
        ],
        "packetInRate": 1.9546483612248988
      },
      "('10.0.0.2', '10.0.0.4', 4802, 4802)": {
        "lastPacketInCount": 18,
        "packetInCount": 18,
        "packetInRateWind": [
          3.909205633172714,
          0.0,
          0.0
        ],
        "packetInRate": 1.3030685443909047
      },
      "('10.0.0.2', '10.0.0.12', 17138, 17138)": {
        "lastPacketInCount": 22,
        "packetInCount": 22,
        "packetInRateWind": [
          0.0,
          0.0,
          0.0
        ],
        "packetInRate": 0.0
      },
      "('10.0.0.1', '10.0.0.3', 27087, 27087)": {
        "lastPacketInCount": 73,
        "packetInCount": 73,
        "packetInRateWind": [
          7.818167160392688,
          0.0,
          0.0
        ],
        "packetInRate": 2.6060557201308963
      },
      "('10.0.0.4', '10.0.0.2', 1813, 1813)": {
        "lastPacketInCount": 19,
        "packetInCount": 19,
        "packetInRateWind": [
          5.8635160745715105,
          0.0,
          0.0
        ],
        "packetInRate": 1.9545053581905034
      },
      "('10.0.0.5', '10.0.0.2', 17121, 17121)": {
        "lastPacketInCount": 41,
        "packetInCount": 41,
        "packetInRateWind": [
          13.681110364514263,
          0.0,
          0.0
        ],
        "packetInRate": 4.5603701215047545
      },
      "('10.0.0.3', '10.0.0.2', 14743, 14743)": {
        "lastPacketInCount": 22,
        "packetInCount": 22,
        "packetInRateWind": [
          5.863272906205617,
          0.0,
          0.0
        ],
        "packetInRate": 1.9544243020685388
      },
      "('10.0.0.3', '10.0.0.2', 49834, 49834)": {
        "lastPacketInCount": 18,
        "packetInCount": 18,
        "packetInRateWind": [
          0.0,
          0.0,
          0.0
        ],
        "packetInRate": 0.0
      },
      "('10.0.0.3', '10.0.0.10', 10639, 10639)": {
        "lastPacketInCount": 3,
        "packetInCount": 3,
        "packetInRateWind": [
          1.9543778572084243,
          0.0,
          0.0
        ],
        "packetInRate": 0.6514592857361414
      },
      "('10.0.0.2', '10.0.0.8', 5961, 5961)": {
        "lastPacketInCount": 3,
        "packetInCount": 3,
        "packetInRateWind": [
          1.9543505377336117,
          0.0,
          0.0
        ],
        "packetInRate": 0.6514501792445372
      },
      "('10.0.0.2', '10.0.0.7', 31471, 31471)": {
        "lastPacketInCount": 3,
        "packetInCount": 3,
        "packetInRateWind": [
          1.9543241296339613,
          0.0,
          0.0
        ],
        "packetInRate": 0.6514413765446537
      },
      "('10.0.0.4', '10.0.0.2', 4802, 4802)": {
        "lastPacketInCount": 10,
        "packetInCount": 10,
        "packetInRateWind": [
          3.908571769371841,
          0.0,
          0.0
        ],
        "packetInRate": 1.3028572564572805
      },
      "('10.0.0.6', '10.0.0.2', 43748, 43748)": {
        "lastPacketInCount": 10,
        "packetInCount": 10,
        "packetInRateWind": [
          9.771292838911622,
          0.0,
          0.0
        ],
        "packetInRate": 3.2570976129705405
      },
      "('10.0.0.2', '10.0.0.6', 8363, 8363)": {
        "lastPacketInCount": 3,
        "packetInCount": 3,
        "packetInRateWind": [
          1.9542394464041852,
          0.0,
          0.0
        ],
        "packetInRate": 0.6514131488013951
      },
      "('10.0.0.2', '10.0.0.7', 14054, 14054)": {
        "lastPacketInCount": 3,
        "packetInCount": 3,
        "packetInRateWind": [
          0.0,
          0.0,
          0.0
        ],
        "packetInRate": 0.0
      },
      "('10.0.0.6', '10.0.0.2', 36546, 36546)": {
        "lastPacketInCount": 8,
        "packetInCount": 8,
        "packetInRateWind": [
          7.816793893129771,
          0.0,
          0.0
        ],
        "packetInRate": 2.60559796437659
      },
      "('10.0.0.4', '10.0.0.2', 40630, 40630)": {
        "lastPacketInCount": 10,
        "packetInCount": 10,
        "packetInRateWind": [
          5.862538059240795,
          0.0,
          0.0
        ],
        "packetInRate": 1.9541793530802651
      },
      "('10.0.0.1', '10.0.0.3', 53258, 53258)": {
        "lastPacketInCount": 4,
        "packetInCount": 4,
        "packetInRateWind": [
          3.9083131828452955,
          0.0,
          0.0
        ],
        "packetInRate": 1.3027710609484318
      },
      "('10.0.0.2', '10.0.0.3', 49834, 49834)": {
        "lastPacketInCount": 3,
        "packetInCount": 3,
        "packetInRateWind": [
          1.954145666015332,
          0.0,
          0.0
        ],
        "packetInRate": 0.6513818886717774
      },
      "('10.0.0.3', '10.0.0.1', 27087, 27087)": {
        "lastPacketInCount": 8,
        "packetInCount": 8,
        "packetInRateWind": [
          11.724770206221542,
          0.0,
          0.0
        ],
        "packetInRate": 3.9082567354071807
      },
      "('10.0.0.7', '10.0.0.2', 23003, 23003)": {
        "lastPacketInCount": 4,
        "packetInCount": 4,
        "packetInRateWind": [
          5.862327746619692,
          0.0,
          0.0
        ],
        "packetInRate": 1.9541092488732306
      }
    },
    "3": {},
    "4": {}
  }
}