{
  "3": {
    "9": {
      "('10.0.0.12', '10.0.0.8', 34720, 34720)": {
        "lastPacketInCount": 4,
        "packetInCount": 4,
        "packetInRateWind": [
          0.0,
          0.0,
          0.0
        ],
        "packetInRate": 0.0
      },
      "('10.0.0.15', '10.0.0.6', 48470, 48470)": {
        "lastPacketInCount": 1,
        "packetInCount": 1,
        "packetInRateWind": [
          0.0,
          0.0,
          0.0
        ],
        "packetInRate": 0.0
      }
    },
    "10": {
      "('10.0.0.15', '10.0.0.1', 54033, 54033)": {
        "lastPacketInCount": 39,
        "packetInCount": 39,
        "packetInRateWind": [
          0.0,
          1.4086204412484296,
          0.9828457343978104
        ],
        "packetInRate": 0.7971553918820801
      },
      "('10.0.0.8', '10.0.0.10', 13932, 13932)": {
        "lastPacketInCount": 40,
        "packetInCount": 40,
        "packetInRateWind": [
          1.0217183452870262,
          4.225805974941195,
          2.9485068027258707
        ],
        "packetInRate": 2.732010374318031
      },
      "('10.0.0.2', '10.0.0.10', 24102, 24102)": {
        "lastPacketInCount": 16,
        "packetInCount": 16,
        "packetInRateWind": [
          1.0217116253781204,
          0.0,
          0.9828305342423896
        ],
        "packetInRate": 0.6681807198735034
      },
      "('10.0.0.2', '10.0.0.11', 37985, 37985)": {
        "lastPacketInCount": 19,
        "packetInCount": 19,
        "packetInRateWind": [
          0.0,
          2.8171311338601135,
          0.9828217828510264
        ],
        "packetInRate": 1.2666509722370467
      },
      "('10.0.0.1', '10.0.0.14', 2393, 2393)": {
        "lastPacketInCount": 13,
        "packetInCount": 13,
        "packetInRateWind": [
          0.0,
          2.8170791008567493,
          1.9656325114735598
        ],
        "packetInRate": 1.594237204110103
      },
      "('10.0.0.7', '10.0.0.12', 57835, 57835)": {
        "lastPacketInCount": 2,
        "packetInCount": 2,
        "packetInRateWind": [
          0.0,
          0.0,
          0.0
        ],
        "packetInRate": 0.0
      },
      "('10.0.0.2', '10.0.0.10', 35418, 35418)": {
        "lastPacketInCount": 14,
        "packetInCount": 14,
        "packetInRateWind": [
          3.0650833580375143,
          5.634006839838702,
          1.9656034947153045
        ],
        "packetInRate": 3.5548978975305072
      },
      "('10.0.0.11', '10.0.0.2', 29085, 29085)": {
        "lastPacketInCount": 6,
        "packetInCount": 6,
        "packetInRateWind": [
          0.0,
          1.4084917771735426,
          2.9483789894367955
        ],
        "packetInRate": 1.4522902555367796
      },
      "('10.0.0.10', '10.0.0.11', 42707, 42707)": {
        "lastPacketInCount": 19,
        "packetInCount": 19,
        "packetInRateWind": [
          7.04235956010774,
          13.759031023527324
        ],
        "packetInRate": 10.400695291817533
      },
      "('10.0.0.7', '10.0.0.11', 12029, 12029)": {
        "lastPacketInCount": 0,
        "packetInCount": 0,
        "packetInRateWind": [
          0.0
        ],
        "packetInRate": 0.0
      },
      "('10.0.0.10', '10.0.0.3', 30017, 30017)": {
        "lastPacketInCount": 0,
        "packetInCount": 0,
        "packetInRateWind": [
          0.0
        ],
        "packetInRate": 0.0
      },
      "('10.0.0.11', '10.0.0.10', 24814, 24814)": {
        "lastPacketInCount": 1,
        "packetInCount": 1,
        "packetInRateWind": [
          0.9827729621591883
        ],
        "packetInRate": 0.9827729621591883
      },
      "('10.0.0.12', '10.0.0.10', 56285, 56285)": {
        "lastPacketInCount": 0,
        "packetInCount": 0,
        "packetInRateWind": [
          0.0
        ],
        "packetInRate": 0.0
      },
      "('10.0.0.10', '10.0.0.6', 20169, 20169)": {
        "lastPacketInCount": 0,
        "packetInCount": 0,
        "packetInRateWind": [
          0.0
        ],
        "packetInRate": 0.0
      },
      "('10.0.0.10', '10.0.0.6', 57789, 57789)": {
        "lastPacketInCount": 0,
        "packetInCount": 0,
        "packetInRateWind": [
          0.0
        ],
        "packetInRate": 0.0
      },
      "('10.0.0.10', '10.0.0.6', 12514, 12514)": {
        "lastPacketInCount": 0,
        "packetInCount": 0,
        "packetInRateWind": [
          0.0
        ],
        "packetInRate": 0.0
      },
      "('10.0.0.1', '10.0.0.14', 14023, 14023)": {
        "lastPacketInCount": 0,
        "packetInCount": 0,
        "packetInRateWind": [
          0.0
        ],
        "packetInRate": 0.0
      },
      "('10.0.0.2', '10.0.0.11', 43311, 43311)": {
        "lastPacketInCount": 0,
        "packetInCount": 0,
        "packetInRateWind": [
          0.0
        ],
        "packetInRate": 0.0
      },
      "('10.0.0.2', '10.0.0.14', 1506, 1506)": {
        "lastPacketInCount": 0,
        "packetInCount": 0,
        "packetInRateWind": [
          0.0
        ],
        "packetInRate": 0.0
      }
    },
    "11": {
      "('10.0.0.14', '10.0.0.8', 40479, 40479)": {
        "lastPacketInCount": 77,
        "packetInCount": 77,
        "packetInRateWind": [
          0.0,
          2.8167026283961336,
          1.965470397072158
        ],
        "packetInRate": 1.5940576751560973
      },
      "('10.0.0.5', '10.0.0.11', 43577, 43577)": {
        "lastPacketInCount": 52,
        "packetInCount": 52,
        "packetInRateWind": [
          0.0,
          1.4083404377626807,
          0.9827299026502496
        ],
        "packetInRate": 0.7970234468043101
      },
      "('10.0.0.11', '10.0.0.7', 31400, 31400)": {
        "lastPacketInCount": 41,
        "packetInCount": 41,
        "packetInRateWind": [
          1.0216817601857504,
          1.4083196311369863,
          1.9654501346521607
        ],
        "packetInRate": 1.465150508658299
      },
      "('10.0.0.11', '10.0.0.3', 16374, 16374)": {
        "lastPacketInCount": 47,
        "packetInCount": 47,
        "packetInRateWind": [
          1.021677778292017,
          2.8166194018374524,
          2.948158623898738
        ],
        "packetInRate": 2.2621519346760692
      },
      "('10.0.0.10', '10.0.0.11', 42707, 42707)": {
        "lastPacketInCount": 94,
        "packetInCount": 94,
        "packetInRateWind": [
          1.021675289624195,
          1.4083016622731779,
          7.861715806639051
        ],
        "packetInRate": 3.4305642528454747
      },
      "('10.0.0.11', '10.0.0.12', 5383, 5383)": {
        "lastPacketInCount": 28,
        "packetInCount": 28,
        "packetInRateWind": [
          0.0,
          0.0,
          0.0
        ],
        "packetInRate": 0.0
      },
      "('10.0.0.15', '10.0.0.11', 27092, 27092)": {
        "lastPacketInCount": 18,
        "packetInCount": 18,
        "packetInRateWind": [
          0.0,
          2.8165654963501123,
          1.9654082296090203
        ],
        "packetInRate": 1.5939912419863775
      },
      "('10.0.0.9', '10.0.0.11', 1574, 1574)": {
        "lastPacketInCount": 22,
        "packetInCount": 22,
        "packetInRateWind": [
          0.0,
          1.4082747098371973,
          0.0
        ],
        "packetInRate": 0.4694249032790658
      },
      "('10.0.0.14', '10.0.0.6', 1253, 1253)": {
        "lastPacketInCount": 9,
        "packetInCount": 9,
        "packetInRateWind": [
          0.0,
          1.4082652530866104,
          1.9653893498987622
        ],
        "packetInRate": 1.1245515343284576
      },
      "('10.0.0.8', '10.0.0.15', 26913, 26913)": {
        "lastPacketInCount": 12,
        "packetInCount": 12,
        "packetInRateWind": [
          0.0,
          1.4082548508076564,
          1.9653796799437326
        ],
        "packetInRate": 1.1245448435837964
      },
      "('10.0.0.15', '10.0.0.11', 35721, 35721)": {
        "lastPacketInCount": 10,
        "packetInCount": 10,